{
    "RPT": {
        "ScanTime": "0.04 sec.",
        "ScanFile": "20200625_yolandalr_8035b1d0aff1d7b19427_20230103091128_scan.json",
        "Warnings": 0,
        "Success": 6
    },
    "SRV": {
        "PHP": {
            "websrv": true,
            "openbase": true,
            "maxtime": true,
            "mysqli": true,
            "version": true,
            "ALL": "Good"
        },
        "WP": {
            "version": true,
            "core": true,
            "ismu": false,
            "ALL": "Good"
        }
    },
    "ARC": {
        "Size": "0B",
        "DirCount": "0",
        "FileCount": "0",
        "FullCount": "0",
        "WarnFileCount": 0,
        "WarnDirCount": 0,
        "UnreadableDirCount": 0,
        "UnreadableFileCount": 0,
        "FilterDirsAll": [
            "\/homepages\/25\/d785951133\/htdocs\/portfolio\/.opcache",
            "\/homepages\/25\/d785951133\/htdocs\/portfolio\/wp-content\/ai1wm-backups",
            "\/homepages\/25\/d785951133\/htdocs\/portfolio\/wp-content\/backups-dup-lite",
            "\/homepages\/25\/d785951133\/htdocs\/portfolio\/wp-content\/backups-dup-pro",
            "\/homepages\/25\/d785951133\/htdocs\/portfolio\/wp-content\/backupwordpress",
            "\/homepages\/25\/d785951133\/htdocs\/portfolio\/wp-content\/bps-backup",
            "\/homepages\/25\/d785951133\/htdocs\/portfolio\/wp-content\/cache",
            "\/homepages\/25\/d785951133\/htdocs\/portfolio\/wp-content\/content\/cache",
            "\/homepages\/25\/d785951133\/htdocs\/portfolio\/wp-content\/contents\/cache",
            "\/homepages\/25\/d785951133\/htdocs\/portfolio\/wp-content\/infinitewp\/backups",
            "\/homepages\/25\/d785951133\/htdocs\/portfolio\/wp-content\/managewp\/backups",
            "\/homepages\/25\/d785951133\/htdocs\/portfolio\/wp-content\/old-cache",
            "\/homepages\/25\/d785951133\/htdocs\/portfolio\/wp-content\/plugins\/all-in-one-wp-migration\/storage",
            "\/homepages\/25\/d785951133\/htdocs\/portfolio\/wp-content\/updraft",
            "\/homepages\/25\/d785951133\/htdocs\/portfolio\/wp-content\/uploads\/aiowps_backups",
            "\/homepages\/25\/d785951133\/htdocs\/portfolio\/wp-content\/uploads\/backupbuddy_backups",
            "\/homepages\/25\/d785951133\/htdocs\/portfolio\/wp-content\/uploads\/backupbuddy_temp",
            "\/homepages\/25\/d785951133\/htdocs\/portfolio\/wp-content\/uploads\/ithemes-security\/backups",
            "\/homepages\/25\/d785951133\/htdocs\/portfolio\/wp-content\/uploads\/mainwp\/backup",
            "\/homepages\/25\/d785951133\/htdocs\/portfolio\/wp-content\/uploads\/pb_backupbuddy",
            "\/homepages\/25\/d785951133\/htdocs\/portfolio\/wp-content\/uploads\/snapshots",
            "\/homepages\/25\/d785951133\/htdocs\/portfolio\/wp-content\/uploads\/sucuri",
            "\/homepages\/25\/d785951133\/htdocs\/portfolio\/wp-content\/uploads\/wp-clone",
            "\/homepages\/25\/d785951133\/htdocs\/portfolio\/wp-content\/uploads\/wp_all_backup",
            "\/homepages\/25\/d785951133\/htdocs\/portfolio\/wp-content\/uploads\/wpbackitup_backups",
            "\/homepages\/25\/d785951133\/htdocs\/portfolio\/wp-content\/wfcache",
            "\/homepages\/25\/d785951133\/htdocs\/portfolio\/wp-content\/wishlist-backup",
            "\/homepages\/25\/d785951133\/htdocs\/portfolio\/wp-snapshots"
        ],
        "FilterFilesAll": [
            "error_log",
            "error.log",
            "debug_log",
            "ws_ftp.log",
            "dbcache",
            "pgcache",
            "objectcache",
            ".DS_Store",
            "\/homepages\/25\/d785951133\/htdocs\/portfolio\/.htaccess",
            "\/homepages\/25\/d785951133\/htdocs\/portfolio\/web.config",
            "\/homepages\/25\/d785951133\/htdocs\/portfolio\/wp-config.php"
        ],
        "FilterExtsAll": [],
        "FilterInfo": {
            "Dirs": {
                "Warning": [],
                "Unreadable": [],
                "Core": [
                    "\/homepages\/25\/d785951133\/htdocs\/portfolio\/wp-snapshots",
                    "\/homepages\/25\/d785951133\/htdocs\/portfolio\/wp-content\/backups-dup-lite",
                    "\/homepages\/25\/d785951133\/htdocs\/portfolio\/.opcache",
                    "\/homepages\/25\/d785951133\/htdocs\/portfolio\/wp-content\/backups-dup-pro",
                    "\/homepages\/25\/d785951133\/htdocs\/portfolio\/wp-content\/ai1wm-backups",
                    "\/homepages\/25\/d785951133\/htdocs\/portfolio\/wp-content\/backupwordpress",
                    "\/homepages\/25\/d785951133\/htdocs\/portfolio\/wp-content\/content\/cache",
                    "\/homepages\/25\/d785951133\/htdocs\/portfolio\/wp-content\/contents\/cache",
                    "\/homepages\/25\/d785951133\/htdocs\/portfolio\/wp-content\/infinitewp\/backups",
                    "\/homepages\/25\/d785951133\/htdocs\/portfolio\/wp-content\/managewp\/backups",
                    "\/homepages\/25\/d785951133\/htdocs\/portfolio\/wp-content\/old-cache",
                    "\/homepages\/25\/d785951133\/htdocs\/portfolio\/wp-content\/plugins\/all-in-one-wp-migration\/storage",
                    "\/homepages\/25\/d785951133\/htdocs\/portfolio\/wp-content\/updraft",
                    "\/homepages\/25\/d785951133\/htdocs\/portfolio\/wp-content\/wishlist-backup",
                    "\/homepages\/25\/d785951133\/htdocs\/portfolio\/wp-content\/wfcache",
                    "\/homepages\/25\/d785951133\/htdocs\/portfolio\/wp-content\/bps-backup",
                    "\/homepages\/25\/d785951133\/htdocs\/portfolio\/wp-content\/cache",
                    "\/homepages\/25\/d785951133\/htdocs\/portfolio\/wp-content\/uploads\/aiowps_backups",
                    "\/homepages\/25\/d785951133\/htdocs\/portfolio\/wp-content\/uploads\/backupbuddy_temp",
                    "\/homepages\/25\/d785951133\/htdocs\/portfolio\/wp-content\/uploads\/backupbuddy_backups",
                    "\/homepages\/25\/d785951133\/htdocs\/portfolio\/wp-content\/uploads\/ithemes-security\/backups",
                    "\/homepages\/25\/d785951133\/htdocs\/portfolio\/wp-content\/uploads\/mainwp\/backup",
                    "\/homepages\/25\/d785951133\/htdocs\/portfolio\/wp-content\/uploads\/pb_backupbuddy",
                    "\/homepages\/25\/d785951133\/htdocs\/portfolio\/wp-content\/uploads\/snapshots",
                    "\/homepages\/25\/d785951133\/htdocs\/portfolio\/wp-content\/uploads\/sucuri",
                    "\/homepages\/25\/d785951133\/htdocs\/portfolio\/wp-content\/uploads\/wp-clone",
                    "\/homepages\/25\/d785951133\/htdocs\/portfolio\/wp-content\/uploads\/wp_all_backup",
                    "\/homepages\/25\/d785951133\/htdocs\/portfolio\/wp-content\/uploads\/wpbackitup_backups"
                ],
                "Global": [],
                "Instance": []
            },
            "Files": {
                "Size": [],
                "Warning": [],
                "Unreadable": [],
                "Core": [],
                "Global": [
                    "error_log",
                    "error.log",
                    "debug_log",
                    "ws_ftp.log",
                    "dbcache",
                    "pgcache",
                    "objectcache",
                    ".DS_Store"
                ],
                "Instance": []
            },
            "Exts": {
                "Core": [],
                "Global": [],
                "Instance": []
            },
            "UDirCount": 0,
            "UFileCount": 0,
            "UExtCount": 0,
            "TreeSize": [],
            "TreeWarning": []
        },
        "RecursiveLinks": [],
        "UnreadableItems": [],
        "Status": {
            "Size": "Good",
            "Names": "Good",
            "UnreadableItems": "Good",
            "MigratePackage": "Good",
            "CanbeMigratePackage": true,
            "showCreateProcStatus": "Good",
            "showCreateProc": true,
            "AddonSites": "Good"
        },
        "Dirs": [],
        "Files": []
    },
    "DB": {
        "Status": {
            "Success": true,
            "DB_Case": "Good",
            "DB_Rows": "Good",
            "DB_Size": "Good",
            "TBL_Case": "Good",
            "TBL_Rows": "Good",
            "TBL_Size": "Good"
        },
        "Size": "15.27MB",
        "Rows": "5,901",
        "TableCount": 60,
        "TableList": {
            "mm_commentmeta": {
                "Case": 0,
                "Rows": "0",
                "Size": "48KB",
                "USize": 49152
            },
            "mm_comments": {
                "Case": 0,
                "Rows": "0",
                "Size": "96KB",
                "USize": 98304
            },
            "mm_duplicator_packages": {
                "Case": 0,
                "Rows": "1",
                "Size": "32KB",
                "USize": 32768
            },
            "mm_ewwwio_images": {
                "Case": 0,
                "Rows": "233",
                "Size": "128KB",
                "USize": 131072
            },
            "mm_ewwwio_queue": {
                "Case": 0,
                "Rows": "33",
                "Size": "32KB",
                "USize": 32768
            },
            "mm_links": {
                "Case": 0,
                "Rows": "0",
                "Size": "32KB",
                "USize": 32768
            },
            "mm_options": {
                "Case": 0,
                "Rows": "245",
                "Size": "2.2MB",
                "USize": 2310144
            },
            "mm_postmeta": {
                "Case": 0,
                "Rows": "832",
                "Size": "464KB",
                "USize": 475136
            },
            "mm_posts": {
                "Case": 0,
                "Rows": "206",
                "Size": "3.5MB",
                "USize": 3670016
            },
            "mm_responsive_menu": {
                "Case": 0,
                "Rows": "280",
                "Size": "16KB",
                "USize": 16384
            },
            "mm_revslider_css": {
                "Case": 0,
                "Rows": "109",
                "Size": "128KB",
                "USize": 131072
            },
            "mm_revslider_layer_animations": {
                "Case": 0,
                "Rows": "0",
                "Size": "16KB",
                "USize": 16384
            },
            "mm_revslider_navigations": {
                "Case": 0,
                "Rows": "0",
                "Size": "16KB",
                "USize": 16384
            },
            "mm_revslider_sliders": {
                "Case": 0,
                "Rows": "0",
                "Size": "16KB",
                "USize": 16384
            },
            "mm_revslider_slides": {
                "Case": 0,
                "Rows": "3",
                "Size": "16KB",
                "USize": 16384
            },
            "mm_revslider_static_slides": {
                "Case": 0,
                "Rows": "0",
                "Size": "16KB",
                "USize": 16384
            },
            "mm_term_relationships": {
                "Case": 0,
                "Rows": "3",
                "Size": "32KB",
                "USize": 32768
            },
            "mm_term_taxonomy": {
                "Case": 0,
                "Rows": "2",
                "Size": "48KB",
                "USize": 49152
            },
            "mm_termmeta": {
                "Case": 0,
                "Rows": "0",
                "Size": "48KB",
                "USize": 49152
            },
            "mm_terms": {
                "Case": 0,
                "Rows": "2",
                "Size": "48KB",
                "USize": 49152
            },
            "mm_usermeta": {
                "Case": 0,
                "Rows": "25",
                "Size": "48KB",
                "USize": 49152
            },
            "mm_users": {
                "Case": 0,
                "Rows": "0",
                "Size": "64KB",
                "USize": 65536
            },
            "wpstg0_commentmeta": {
                "Case": 0,
                "Rows": "0",
                "Size": "48KB",
                "USize": 49152
            },
            "wpstg0_comments": {
                "Case": 0,
                "Rows": "0",
                "Size": "96KB",
                "USize": 98304
            },
            "wpstg0_links": {
                "Case": 0,
                "Rows": "0",
                "Size": "32KB",
                "USize": 32768
            },
            "wpstg0_options": {
                "Case": 0,
                "Rows": "190",
                "Size": "1.53MB",
                "USize": 1605632
            },
            "wpstg0_postmeta": {
                "Case": 0,
                "Rows": "1,088",
                "Size": "352KB",
                "USize": 360448
            },
            "wpstg0_posts": {
                "Case": 0,
                "Rows": "266",
                "Size": "1.58MB",
                "USize": 1654784
            },
            "wpstg0_responsive_menu": {
                "Case": 0,
                "Rows": "280",
                "Size": "16KB",
                "USize": 16384
            },
            "wpstg0_revslider_css": {
                "Case": 0,
                "Rows": "109",
                "Size": "128KB",
                "USize": 131072
            },
            "wpstg0_revslider_layer_animations": {
                "Case": 0,
                "Rows": "0",
                "Size": "16KB",
                "USize": 16384
            },
            "wpstg0_revslider_navigations": {
                "Case": 0,
                "Rows": "0",
                "Size": "16KB",
                "USize": 16384
            },
            "wpstg0_revslider_sliders": {
                "Case": 0,
                "Rows": "0",
                "Size": "16KB",
                "USize": 16384
            },
            "wpstg0_revslider_slides": {
                "Case": 0,
                "Rows": "3",
                "Size": "16KB",
                "USize": 16384
            },
            "wpstg0_revslider_static_slides": {
                "Case": 0,
                "Rows": "0",
                "Size": "16KB",
                "USize": 16384
            },
            "wpstg0_term_relationships": {
                "Case": 0,
                "Rows": "6",
                "Size": "32KB",
                "USize": 32768
            },
            "wpstg0_term_taxonomy": {
                "Case": 0,
                "Rows": "2",
                "Size": "48KB",
                "USize": 49152
            },
            "wpstg0_termmeta": {
                "Case": 0,
                "Rows": "0",
                "Size": "48KB",
                "USize": 49152
            },
            "wpstg0_terms": {
                "Case": 0,
                "Rows": "2",
                "Size": "48KB",
                "USize": 49152
            },
            "wpstg0_usermeta": {
                "Case": 0,
                "Rows": "24",
                "Size": "48KB",
                "USize": 49152
            },
            "wpstg0_users": {
                "Case": 0,
                "Rows": "0",
                "Size": "64KB",
                "USize": 65536
            },
            "wpstg1_commentmeta": {
                "Case": 0,
                "Rows": "0",
                "Size": "48KB",
                "USize": 49152
            },
            "wpstg1_comments": {
                "Case": 0,
                "Rows": "0",
                "Size": "96KB",
                "USize": 98304
            },
            "wpstg1_links": {
                "Case": 0,
                "Rows": "0",
                "Size": "32KB",
                "USize": 32768
            },
            "wpstg1_options": {
                "Case": 0,
                "Rows": "192",
                "Size": "1.53MB",
                "USize": 1605632
            },
            "wpstg1_postmeta": {
                "Case": 0,
                "Rows": "1,088",
                "Size": "352KB",
                "USize": 360448
            },
            "wpstg1_posts": {
                "Case": 0,
                "Rows": "251",
                "Size": "1.58MB",
                "USize": 1654784
            },
            "wpstg1_responsive_menu": {
                "Case": 0,
                "Rows": "280",
                "Size": "16KB",
                "USize": 16384
            },
            "wpstg1_revslider_css": {
                "Case": 0,
                "Rows": "109",
                "Size": "128KB",
                "USize": 131072
            },
            "wpstg1_revslider_layer_animations": {
                "Case": 0,
                "Rows": "0",
                "Size": "16KB",
                "USize": 16384
            },
            "wpstg1_revslider_navigations": {
                "Case": 0,
                "Rows": "0",
                "Size": "16KB",
                "USize": 16384
            },
            "wpstg1_revslider_sliders": {
                "Case": 0,
                "Rows": "0",
                "Size": "16KB",
                "USize": 16384
            },
            "wpstg1_revslider_slides": {
                "Case": 0,
                "Rows": "3",
                "Size": "16KB",
                "USize": 16384
            },
            "wpstg1_revslider_static_slides": {
                "Case": 0,
                "Rows": "0",
                "Size": "16KB",
                "USize": 16384
            },
            "wpstg1_term_relationships": {
                "Case": 0,
                "Rows": "6",
                "Size": "32KB",
                "USize": 32768
            },
            "wpstg1_term_taxonomy": {
                "Case": 0,
                "Rows": "2",
                "Size": "48KB",
                "USize": 49152
            },
            "wpstg1_termmeta": {
                "Case": 0,
                "Rows": "0",
                "Size": "48KB",
                "USize": 49152
            },
            "wpstg1_terms": {
                "Case": 0,
                "Rows": "2",
                "Size": "48KB",
                "USize": 49152
            },
            "wpstg1_usermeta": {
                "Case": 0,
                "Rows": "24",
                "Size": "48KB",
                "USize": 49152
            },
            "wpstg1_users": {
                "Case": 0,
                "Rows": "0",
                "Size": "64KB",
                "USize": 65536
            }
        },
        "RawSize": 16007168
    },
    "LL": {
        "TotalSize": "15.27MB",
        "Status": {
            "TotalSize": "Good"
        }
    }
}